input_theta1,input_x1,input_y1,input_theta0,input_index,output_v0,output_delta0
1.570796327,-0.1,0.15,1.570796327,0,,
1.562916186,-0.099943521,0.163862078,1.596801124,1,,
1.557729929,-0.099798742,0.177548156,1.618856723,2,,
1.55498633,-0.099607421,0.190729887,1.636468885,3,,
1.554516283,-0.099400475,0.203588867,1.649192629,4,,
1.556297368,-0.099202835,0.216414385,1.656346158,5,,
1.560641578,-0.099037078,0.229877579,1.656544531,6,,
1.567654907,-0.098942274,0.244272972,1.648266248,7,,
1.577013368,-0.09896823,0.259923583,1.630739654,8,,
1.586911439,-0.099152627,0.276207996,1.607053221,9,,
1.596594168,-0.099497189,0.292506974,1.578109829,10,,
1.604640617,-0.099982138,0.308668791,1.547875978,11,,
1.609952559,-0.100576352,0.324874374,1.52007858,12,,
1.612339027,-0.101235012,0.341141358,1.496196891,13,,
1.612262493,-0.101897108,0.357051138,1.476399542,14,,
1.610126067,-0.102524697,0.372555311,1.460673527,15,,
1.606268929,-0.103090146,0.387653462,1.449025961,16,,
1.601133889,-0.103573382,0.402328666,1.441035597,17,,
1.595076478,-0.103962702,0.416584133,1.436340162,18,,
1.588455762,-0.104252668,0.430422073,1.43440405,19,,
1.581468018,-0.104449586,0.444348796,1.434230877,20,,
1.574248394,-0.104547673,0.458307191,1.435802822,21,,
1.56683444,-0.104543453,0.472472213,1.439054061,22,,
1.55929336,-0.104430408,0.486995332,1.443902539,23,,
1.552015695,-0.104223586,0.500603479,1.450911797,24,,
1.544793184,-0.103961265,0.512284908,1.461751692,25,,
1.537503959,-0.103696974,0.521178785,1.477196626,26,,
1.53005953,-0.103548831,0.525174832,1.497654833,27,,
1.521959503,-0.10364904,0.522936646,1.52231238,28,,
1.513157773,-0.104079005,0.51485516,1.547324268,29,,
1.502978138,-0.104852348,0.502518211,1.571495186,30,,
1.490973568,-0.106004495,0.486905621,1.593990974,31,,
1.476626916,-0.107561387,0.469016004,1.615119316,32,,
1.460450993,-0.109568279,0.449420854,1.63262632,33,,
1.442954079,-0.112054765,0.428608418,1.645223753,34,,
1.424119763,-0.114928238,0.407777676,1.65523168,35,,
1.403716978,-0.118196134,0.387093569,1.66373246,36,,
1.381746654,-0.121894494,0.366522075,1.670572638,37,,
1.357944073,-0.126034113,0.346179925,1.676653577,38,,
1.33201789,-0.130627873,0.326164766,1.682699124,39,,
1.303842775,-0.135695133,0.306536082,1.688724282,40,,
1.27328889,-0.141229505,0.287432492,1.69501692,41,,
1.240895228,-0.146983451,0.269680087,1.703083847,42,,
1.207702381,-0.152595779,0.254122725,1.714233539,43,,
1.17457286,-0.157775239,0.241131562,1.72921472,44,,
1.14214136,-0.162324774,0.230725451,1.748320515,45,,
1.113694361,-0.16560437,0.223806436,1.77193375,46,,
1.092356336,-0.167256624,0.220534108,1.79851333,47,,
1.570796327,-0.1,0.172222222,1.570796327,0,,
1.566982101,-0.09997177,0.186531024,1.583424444,1,,
1.565851127,-0.09990875,0.200824122,1.589700172,2,,
1.56726251,-0.099847885,0.215213016,1.588725432,3,,
1.57096266,-0.099823963,0.229868824,1.57984206,4,,
1.576664908,-0.099871209,0.245028178,1.562304728,5,,
1.584036111,-0.100022999,0.260665296,1.535240214,6,,
1.590677851,-0.100290522,0.276655294,1.504551952,7,,
1.594486023,-0.100649626,0.293026708,1.476477368,8,,
1.595456561,-0.101041444,0.309156739,1.452585526,9,,
1.594069892,-0.101419372,0.324869951,1.432881047,10,,
1.590711541,-0.101750027,0.340143035,1.417374303,11,,
1.585751406,-0.102008868,0.354964744,1.405983033,12,,
1.579589322,-0.102179237,0.369305294,1.398426934,13,,
1.572626402,-0.102252874,0.383196195,1.394134719,14,,
1.565135613,-0.102226736,0.396677836,1.392733131,15,,
1.557314488,-0.102097569,0.410127032,1.393356246,16,,
1.549341913,-0.101861158,0.423628901,1.395618405,17,,
1.54129693,-0.10151349,0.4372476,1.399435687,18,,
1.223106568,-0.147949277,0.245418909,1.668285939,38,,
1.191488878,-0.153696212,0.230299433,1.680205906,39,,
1.159056576,-0.159110885,0.217320811,1.696016991,40,,
1.126670597,-0.163953415,0.206695982,1.715872529,41,,
1.096159898,-0.167861804,0.198789619,1.739600399,42,,
1.071272419,-0.170192148,0.194387274,1.767225126,43,,
1.05723588,-0.170508435,0.193816778,1.794691879,44,,
1.052998356,-0.169308968,0.195932714,1.820596949,45,,
1.056782865,-0.167016813,0.199974065,1.845118958,46,,
1.065383531,-0.164165782,0.205074112,1.868814391,47,,
1.0761801,-0.16114662,0.210600098,1.892068982,48,,
1.088725769,-0.158035876,0.216455127,1.914946366,49,,
1.103230244,-0.154825787,0.222699592,1.937409908,50,,
1.119877945,-0.151513722,0.229397052,1.959441123,51,,
1.138631697,-0.148119087,0.236578774,1.981140039,52,,
1.159433056,-0.144671392,0.244262649,2.002487582,53,,
1.182204869,-0.141204999,0.252462123,2.023414415,54,,
1.206858885,-0.137755238,0.261194212,2.043855703,55,,
1.233702485,-0.134316363,0.270600904,2.063870225,56,,
1.570796327,-0.1,0.194444444,1.570796327,0,,
1.570727257,-0.099999488,0.20878125,1.571025053,1,,
1.57299752,-0.100015541,0.223302647,1.563543815,2,,
1.577289179,-0.100081906,0.238279223,1.547737868,3,,
1.583279038,-0.100231426,0.253816143,1.522770659,4,,
1.589093185,-0.100481367,0.269886596,1.492763923,5,,
1.592344107,-0.10081095,0.286309563,1.46469032,6,,
1.592789052,-0.101163711,0.302430351,1.440885068,7,,
1.590917101,-0.101495164,0.318111435,1.421310929,8,,
1.587099171,-0.101773353,0.333344053,1.406003279,9,,
1.581727255,-0.10197476,0.348107943,1.394828789,10,,
1.575195221,-0.102084161,0.362374794,1.387516702,11,,
1.567904773,-0.102094391,0.376182385,1.38347029,12,,
1.560120039,-0.102003135,0.389583873,1.382304222,13,,
1.552014556,-0.101805793,0.402949665,1.38320987,14,,
1.543787189,-0.101498156,0.416359649,1.385745157,15,,
1.535506721,-0.101075172,0.429913562,1.389790464,16,,
1.527185752,-0.100528821,0.443736199,1.395387602,17,,
1.187778238,-0.154042006,0.22561012,1.672821353,37,,
1.155416413,-0.159527438,0.21259668,1.688777332,38,,
1.123062236,-0.164432052,0.201938148,1.708785309,39,,
1.092531151,-0.168395773,0.193992341,1.732643534,40,,
1.067432237,-0.170809071,0.189474163,1.760173221,41,,
1.052080007,-0.171328235,0.188547735,1.788015656,42,,
1.04670242,-0.170272359,0.190385742,1.814277618,43,,
1.049130018,-0.168149801,0.194067999,1.838946359,44,,
1.056814323,-0.165392666,0.198907497,1.862723856,45,,
1.066936978,-0.162425257,0.204225634,1.886056898,46,,
1.078791961,-0.159361217,0.209861648,1.909024973,47,,
1.09253377,-0.156200222,0.215857667,1.931576197,48,,
1.108361629,-0.152937698,0.222274563,1.953669982,49,,
1.126316795,-0.149579248,0.229165938,1.975463094,50,,
1.146344043,-0.146154339,0.236546514,1.996926127,51,,
1.168369611,-0.142696585,0.244427934,2.017987721,52,,
1.19230811,-0.139240386,0.252825456,2.03858075,53,,
1.218166987,-0.135810311,0.261787505,2.058670129,54,,
1.245288569,-0.132487137,0.271210921,2.078359102,55,,
1.273398863,-0.129323289,0.281040126,2.097453441,56,,
1.302558974,-0.126347707,0.291281414,2.115543742,57,,
1.332743461,-0.123587954,0.301952404,2.132416259,58,,
1.364067617,-0.121065643,0.313111007,2.147785137,59,,
1.570796327,-0.1,0.216666667,1.570796327,0,,
1.574273441,-0.100026556,0.231416325,1.559248004,1,,
1.579672399,-0.100122375,0.246656167,1.538779813,2,,
1.586200029,-0.100319045,0.262645021,1.509834624,3,,
1.59113695,-0.100611091,0.278840705,1.479889569,4,,
1.593015857,-0.100960156,0.295144793,1.453915948,5,,
1.592330999,-0.101309774,0.311055629,1.432211331,6,,
1.589537886,-0.101621951,0.326506662,1.414702046,7,,
1.584964514,-0.101869485,0.341515241,1.401445014,8,,
1.579032741,-0.10203241,0.356040798,1.392187066,9,,
1.572136856,-0.10209958,0.37008262,1.38651782,10,,
1.564622375,-0.10206643,0.383692706,1.383895739,11,,
1.556687337,-0.101930646,0.397041422,1.383857651,12,,
1.548547507,-0.101686566,0.410438667,1.385544287,13,,
1.540336897,-0.101331609,0.423881659,1.388817012,14,,
1.532060735,-0.100857058,0.437572209,1.39359946,15,,
1.523793168,-0.100257346,0.451533866,1.399919619,16,,
1.515968587,-0.099597253,0.464471854,1.408278045,17,,
1.204800054,-0.151013745,0.23330496,1.667037884,35,,
1.172782477,-0.156699939,0.219139918,1.680857563,36,,
1.140371249,-0.161905368,0.207291054,1.698828772,37,,
1.10859955,-0.166407696,0.19787517,1.72064794,38,,
1.080491624,-0.169634669,0.191615649,1.746351666,39,,
1.059360898,-0.171170174,0.188809281,1.774841738,40,,
1.049768036,-0.170759224,0.18953315,1.801790223,41,,
1.048142074,-0.169183969,0.192272525,1.827204985,42,,
1.05381148,-0.166655816,0.196689589,1.851305706,43,,
1.063070517,-0.163748718,0.20185783,1.874773789,44,,
1.074068774,-0.160734521,0.207345849,1.897895545,45,,
1.086855268,-0.157625946,0.213168796,1.920631102,46,,
1.101612838,-0.154420728,0.21937715,1.94291403,47,,
1.118502048,-0.15111463,0.226037457,1.964798147,48,,
1.137490387,-0.147726032,0.233183136,1.986389894,49,,
1.158510884,-0.144288164,0.240824015,2.007616398,50,,
1.181484073,-0.140834981,0.248973601,2.028408583,51,,
1.206319777,-0.137401347,0.257648911,2.048702006,52,,
1.233143519,-0.133998286,0.26694183,2.06854361,53,,
1.260747735,-0.130759782,0.276590988,2.087929908,54,,
1.289442021,-0.127690323,0.286668709,2.106512463,55,,
1.319143452,-0.124829662,0.297149983,2.123890984,56,,
1.349909959,-0.12219447,0.308098681,2.139991963,57,,
1.381920098,-0.119810051,0.319578964,2.154370246,58,,
1.416241414,-0.117631225,0.332151636,2.167979929,59,,
1.452883532,-0.115740246,0.345961436,2.18074311,60,,
1.491717928,-0.114241693,0.361154578,2.192742472,61,,
1.532021663,-0.113270639,0.377671934,2.204083889,62,,
1.573176657,-0.112951821,0.395408824,2.214583501,63,,
1.615106092,-0.113397588,0.414294598,2.222993283,64,,
1.655668595,-0.114623665,0.433170745,2.226994791,65,,
1.693826741,-0.116559025,0.45167298,2.227104807,66,,
1.729201917,-0.119098584,0.469566907,2.223467513,67,,
1.762329369,-0.122219251,0.487193411,2.216785972,68,,
1.793666564,-0.125988185,0.505099419,2.208532495,69,,
1.823139354,-0.130445524,0.523484732,2.199844502,70,,
1.850102475,-0.135501484,0.542038348,2.191665293,71,,
1.874802957,-0.141056582,0.56052815,2.183032373,72,,
1.897817573,-0.147117488,0.579083395,2.173006713,73,,
1.919053042,-0.153662395,0.597713815,2.161974179,74,,
1.938281957,-0.160588009,0.616222386,2.15030488,75,,
1.955545746,-0.167814333,0.634511444,2.138023119,76,,
1.970979592,-0.17528606,0.652553361,2.125050046,77,,
1.984709789,-0.18296334,0.670353292,2.111354141,78,,
1.996753811,-0.190824851,0.687953605,2.097274708,79,,
2.007173356,-0.198817209,0.705320818,2.082941385,80,,
2.016097972,-0.206933515,0.722517799,2.068363466,81,,
1.570796327,-0.1,0.238888889,1.570796327,0,,
1.57766979,-0.100054929,0.254290072,1.54786251,1,,
1.584908912,-0.100224483,0.270198334,1.518491779,2,,
1.590207939,-0.100497664,0.286343085,1.489116029,3,,
1.592503968,-0.100832311,0.30251947,1.46369477,4,,
1.592262796,-0.101175112,0.318329305,1.442436538,5,,
1.589938577,-0.101488123,0.333694958,1.42524365,6,,
1.585833406,-0.10174413,0.348641081,1.412211899,7,,
1.58035648,-0.101922499,0.363126154,1.403104401,8,,
1.573909669,-0.102011323,0.377150406,1.39747093,9,,
1.566824285,-0.102005249,0.390752628,1.39482995,10,,
1.559298689,-0.101901436,0.404125087,1.394690839,11,,
1.551558682,-0.101694433,0.417562952,1.396210433,12,,
1.543728128,-0.101381824,0.43103789,1.399318307,13,,
1.535793407,-0.100954651,0.444775525,1.403980362,14,,
1.527886631,-0.10041184,0.458682215,1.410207835,15,,
1.520363448,-0.099813417,0.471478941,1.418622687,16,,
1.513002992,-0.099219329,0.482434464,1.430525571,17,,
1.505749589,-0.098738005,0.490254181,1.446696236,18,,
1.498319809,-0.098515101,0.493489007,1.467508172,19,,
1.490155939,-0.098750566,0.490417528,1.492438691,20,,
1.480668248,-0.099569998,0.480832057,1.518955284,21,,
1.469492798,-0.100901738,0.466939084,1.544544434,22,,
1.456216008,-0.102731656,0.450022985,1.568332216,23,,
1.440894803,-0.105058102,0.431054435,1.589137327,24,,
1.424450213,-0.107857852,0.410885423,1.604564912,25,,
1.40694158,-0.111112432,0.39004617,1.615415467,26,,
1.387895606,-0.114770537,0.36913719,1.624348358,27,,
1.367262455,-0.118848441,0.348275386,1.631673981,28,,
1.345026073,-0.123370119,0.327516644,1.637459074,29,,
1.320768264,-0.128320184,0.307085743,1.643238593,30,,
1.294377574,-0.133714685,0.28705031,1.649040953,31,,
1.265970672,-0.139427937,0.267932138,1.655883391,32,,
1.236070597,-0.145250185,0.250335304,1.664478335,33,,
1.204795141,-0.151078683,0.234373255,1.675201885,34,,
1.172593991,-0.156648744,0.220501305,1.689473195,35,,
1.140140884,-0.16171972,0.208965028,1.707853852,36,,
1.108631991,-0.166038273,0.199935824,1.730111233,37,,
1.082013963,-0.168879732,0.194413762,1.756315301,38,,
1.062707143,-0.170081898,0.192203908,1.784522868,39,,
1.055017307,-0.169397748,0.193421329,1.810982353,40,,
1.055323815,-0.167576893,0.196633838,1.835983587,41,,
1.062141974,-0.164932504,0.201338242,1.859882016,42,,
1.072101694,-0.161982739,0.206690553,1.883189104,43,,
1.083791105,-0.158934665,0.212365737,1.906137941,44,,
1.097294597,-0.15579636,0.218389789,1.928687004,45,,
1.112897751,-0.152551285,0.224846472,1.950810538,46,,
1.130606541,-0.149218088,0.231763363,1.97251888,47,,
1.150382269,-0.14581652,0.239174295,1.993910099,48,,
1.172153948,-0.142380224,0.247090807,2.01491343,49,,
1.195838851,-0.138943695,0.255528063,2.035462218,50,,
1.221533378,-0.135522437,0.264560234,2.055544775,51,,
1.248710105,-0.13219168,0.274108372,2.075174885,52,,
1.276956822,-0.129019357,0.284083175,2.094135092,53,,
1.306225433,-0.126044051,0.294463388,2.112005485,54,,
1.336524156,-0.123286934,0.305290429,2.128673736,55,,
1.36789806,-0.120780294,0.316579437,2.14367174,56,,
1.401230072,-0.118482895,0.328780057,2.157685735,57,,
1.436864168,-0.116438922,0.342158183,2.170887385,58,,
1.474789386,-0.114742521,0.356869947,2.183214828,59,,
1.514552547,-0.113517358,0.372974243,2.194878448,60,,
1.555327985,-0.112898639,0.390326766,2.205825873,61,,
1.597032232,-0.113003374,0.408945936,2.215390606,62,,
1.637845764,-0.113886867,0.427767552,2.22084666,63,,
1.676658811,-0.11550436,0.446371574,2.222302721,64,,
1.712707305,-0.117753084,0.464391573,2.220017004,65,,
1.746219486,-0.120558695,0.481896614,2.214232623,66,,
1.777828615,-0.123970415,0.499496065,2.206443514,67,,
1.807786177,-0.128066959,0.5176232,2.197931404,68,,
1.835917998,-0.132849319,0.536252063,2.189106592,69,,
1.861041192,-0.138095711,0.554643192,2.181102129,70,,
1.88451139,-0.143853119,0.573112621,2.171719684,71,,
1.906286383,-0.150098329,0.591659651,2.161137935,72,,
1.926156745,-0.156769445,0.610187294,2.149860929,73,,
1.944047302,-0.163761458,0.62851372,2.137985534,74,,
1.960072876,-0.171014761,0.646598644,2.125472612,75,,
1.974347002,-0.178481268,0.664428951,2.112322343,76,,
1.986994292,-0.186143562,0.682057366,2.098569319,77,,
1.997995995,-0.19395674,0.699467352,2.084576071,78,,
2.007506935,-0.201883516,0.71665668,2.070214677,79,,
2.015574231,-0.209948523,0.733749459,2.055739183,80,,
1.570796327,-0.1,0.261111111,1.570796327,0,,
1.57929488,-0.10007008,0.276979414,1.542346201,1,,
1.586140988,-0.100262443,0.292897341,1.513058568,2,,
1.590055243,-0.100541817,0.308919705,1.487265847,3,,
1.591339504,-0.100856595,0.324654924,1.465467379,4,,
1.590425124,-0.101166222,0.34001257,1.447599561,5,,
1.58767429,-0.101439829,0.354962065,1.433642663,6,,
1.583407665,-0.101654573,0.369501843,1.423553717,7,,
1.578027493,-0.101794717,0.383619952,1.416925694,8,,
1.571873551,-0.101851566,0.397337315,1.413322596,9,,
1.565200867,-0.101821068,0.410708729,1.412367025,10,,
1.558230432,-0.101698456,0.424167334,1.413070922,11,,
1.551099143,-0.101480835,0.437626241,1.415419673,12,,
1.543804707,-0.101160199,0.451333053,1.419340711,13,,
1.53646132,-0.100731756,0.465278053,1.424790473,14,,
1.529347053,-0.10024199,0.478178394,1.432595575,15,,
1.522271251,-0.09974734,0.489151925,1.444156353,16,,
1.515260954,-0.099339232,0.496980499,1.459917564,17,,
1.507986769,-0.099157434,0.50004741,1.480449996,18,,
1.49996285,-0.099377772,0.496752639,1.504895465,19,,
1.490712042,-0.100093286,0.487275878,1.53052497,20,,
1.479705127,-0.101279863,0.473422015,1.555479912,21,,
1.466718603,-0.102915879,0.456679489,1.578542165,22,,
1.451427291,-0.105031736,0.437785517,1.599437129,23,,
1.434986386,-0.107611621,0.417644664,1.614983408,24,,
1.417401653,-0.110655512,0.39671535,1.625951658,25,,
1.398295993,-0.114089738,0.375803247,1.635089509,26,,
1.377587831,-0.117945372,0.354931876,1.642608059,27,,
1.355272348,-0.122248831,0.334149138,1.648522987,28,,
1.330987723,-0.126982827,0.313697808,1.654286799,29,,
1.304597096,-0.132156201,0.293670638,1.660116169,30,,
1.275946814,-0.137747893,0.274246298,1.666527968,31,,
1.245735555,-0.143490003,0.256302524,1.674644367,32,,
1.214111103,-0.149262885,0.240014476,1.684967576,33,,
1.181850878,-0.154746709,0.225981867,1.69879211,34,,
1.149313752,-0.159763987,0.214276139,1.716716753,35,,
1.117586814,-0.164076209,0.205046141,1.738570167,36,,
1.091030755,-0.166882743,0.199469377,1.764492635,37,,
1.072203862,-0.168015917,0.197339647,1.792329801,38,,
1.065084341,-0.16728068,0.198678501,1.818413095,39,,
1.066166829,-0.165382129,0.202111253,1.843244792,40,,
1.073588696,-0.162699272,0.207011144,1.866994806,41,,
1.084117568,-0.159726969,0.212557292,1.890108929,42,,
1.096363175,-0.156664074,0.218432223,1.91285762,43,,
1.11050624,-0.153504292,0.224693202,1.93523788,44,,
1.126775349,-0.150241337,0.231410733,1.957200573,45,,
1.14512014,-0.146903782,0.238595763,1.978711222,46,,
1.165489119,-0.143514577,0.246277914,1.999837495,47,,
1.187814746,-0.140104069,0.254478208,2.020562707,48,,
1.212049081,-0.13670336,0.263224014,2.040832589,49,,
1.23856536,-0.133301185,0.272677364,2.060712363,50,,
1.266386338,-0.130031511,0.282601079,2.079876388,51,,
1.295246884,-0.126946296,0.292942576,2.098089807,52,,
1.325125094,-0.124073375,0.303718516,2.115132402,53,,
1.356005391,-0.121443748,0.31494176,2.130681704,54,,
1.388452096,-0.119038226,0.326902698,2.145048024,55,,
1.423166964,-0.116860095,0.339994708,2.15863824,56,,
1.460152041,-0.114995848,0.354368002,2.17138948,57,,
1.499247638,-0.113557176,0.370149409,2.183290737,58,,
1.539591822,-0.112682499,0.38722844,2.194487842,59,,
1.580634133,-0.112491891,0.405460587,2.204447336,60,,
1.621271176,-0.113060428,0.424150811,2.210876664,61,,
1.66012451,-0.114363268,0.442688943,2.213299261,62,,
1.696378472,-0.116312609,0.460716572,2.212023031,63,,
1.730089793,-0.118825805,0.478210007,2.207229437,64,,
1.761791654,-0.121911678,0.495623493,2.200020955,65,,
1.791933168,-0.125653252,0.513501219,2.191690548,66,,
1.820305445,-0.130068867,0.531898646,2.183043542,67,,
1.845662391,-0.134972889,0.550157744,2.175637925,68,,
1.869408783,-0.14038665,0.568504568,2.166873168,69,,
1.891488043,-0.146277332,0.586903972,2.156859976,70,,
1.911776998,-0.152613959,0.605342298,2.146051078,71,,
1.93016149,-0.15930856,0.623662484,2.134633331,72,,
1.946667573,-0.166277183,0.64174808,2.122622209,73,,
1.961414291,-0.173472009,0.659585367,2.110008942,74,,
1.974552325,-0.180864136,0.677200211,2.096710005,75,,
1.986055052,-0.188425413,0.694614166,2.083154272,76,,
1.99607519,-0.196114516,0.71181384,2.069193812,77,,
2.004670515,-0.2039292,0.728866975,2.055005928,78,,
2.011899533,-0.211856599,0.745811135,2.040716111,79,,
2.017826573,-0.219854895,0.762618244,2.026397665,80,,
2.022443948,-0.227850287,0.779193883,2.012391516,81,,
2.025831555,-0.235786018,0.79547937,1.99886155,82,,
2.02812342,-0.243644033,0.811490126,1.985798194,83,,
2.02943842,-0.251416476,0.827254907,1.973186146,84,,
2.029875741,-0.259086309,0.842777556,1.961044739,85,,
2.029532811,-0.266641999,0.858067641,1.949367521,86,,
2.028176527,-0.274281492,0.873560809,1.938786951,87,,
2.025903471,-0.281999732,0.889285919,1.92930397,88,,
2.022934929,-0.289728678,0.905138031,1.920652194,89,,
2.0193957,-0.297554247,0.921321971,1.912434376,90,,
2.015348964,-0.305457154,0.937825463,1.904622094,91,,
2.010849001,-0.313419749,0.954637839,1.897208937,92,,
2.005949396,-0.321425425,0.971748773,1.890188278,93,,
2.000718137,-0.329442597,0.989113051,1.883549891,94,,
1.995216285,-0.337446276,1.006695582,1.877284041,95,,
1.989502915,-0.34540293,1.024438152,1.871410491,96,,
1.570796327,-0.1,0.283333333,1.570796327,0,,
1.579146905,-0.100068907,0.299212471,1.542839287,1,,
1.585138415,-0.100248104,0.314811266,1.51670037,2,,
1.588442537,-0.100498335,0.33034634,1.494177241,3,,
1.589420297,-0.100777367,0.345659645,1.475319026,4,,
1.588443573,-0.101049455,0.360612297,1.460136933,5,,
1.585818887,-0.10128817,0.375192607,1.448636049,6,,
1.581884029,-0.101473953,0.389404722,1.4405981,7,,
1.576991014,-0.101593575,0.403247135,1.435632676,8,,
1.571429383,-0.101639417,0.41672497,1.433389334,9,,
1.565469415,-0.101607707,0.430114579,1.433057674,10,,
1.559239398,-0.101493991,0.443539021,1.434375121,11,,
1.552781281,-0.101292073,0.457160795,1.437281223,12,,
1.546169914,-0.100993684,0.471125401,1.441667691,13,,
1.539599834,-0.100633843,0.483991276,1.44873775,14,,
1.532918023,-0.10025082,0.495059041,1.459643536,15,,
1.526233303,-0.099932881,0.502758386,1.474863338,16,,
1.519248568,-0.099785467,0.50582148,1.494639001,17,,
1.51153192,-0.099964327,0.502594146,1.518081716,18,,
1.502692448,-0.10054043,0.493547175,1.542500708,19,,
1.492053844,-0.101534761,0.480003446,1.566621543,20,,
1.479549265,-0.102929414,0.463601848,1.588889409,21,,
1.464537404,-0.104768942,0.444997385,1.609856767,22,,
1.448247225,-0.107060707,0.425019059,1.625805843,23,,
1.430678403,-0.10982866,0.404035401,1.637185217,24,,
1.411661129,-0.112963219,0.383217397,1.646777978,25,,
1.391038829,-0.116509913,0.362464319,1.654793113,26,,
1.368849602,-0.12049237,0.341831251,1.661164152,27,,
1.103459653,-0.164007479,0.204783677,1.773388548,36,,
1.084587814,-0.165162454,0.202546511,1.80085883,37,,
1.077350171,-0.164488132,0.203811129,1.826586686,38,,
1.078906483,-0.162565555,0.20739232,1.851231499,39,,
1.086830426,-0.159871015,0.212469012,1.874761676,40,,
1.097871735,-0.156895909,0.218205038,1.897614743,41,,
1.110655274,-0.15383094,0.224290647,1.920122095,42,,
1.125401053,-0.150665746,0.23079671,1.942285551,43,,
1.142250518,-0.147407733,0.237771644,1.964028178,44,,
1.16114811,-0.144086254,0.245227271,1.985317604,45,,
1.182020398,-0.140732105,0.253178045,2.006125917,46,,
1.204799118,-0.137372727,0.261653308,2.026488056,47,,
1.229792747,-0.133999496,0.270795452,2.046483808,48,,
1.257110252,-0.130646958,0.280669816,2.065862704,49,,
1.285544343,-0.127466262,0.290973292,2.084296306,50,,
1.314984726,-0.124491578,0.301701966,2.101594422,51,,
1.345379437,-0.121749872,0.312879437,2.117622322,52,,
1.376966869,-0.119251293,0.324629017,2.132259508,53,,
1.410784452,-0.116957212,0.337468752,2.146158593,54,,
1.446842625,-0.114947568,0.351542036,2.159253617,55,,
1.485107523,-0.113323424,0.367005478,2.171488223,56,,
1.524920497,-0.112219398,0.383815432,2.182912506,57,,
1.56542205,-0.111763819,0.401744163,2.193152552,58,,
1.60577142,-0.112042803,0.420287839,2.200410483,59,,
1.644569632,-0.113051466,0.438733083,2.20355692,60,,
1.680901858,-0.114716097,0.456738202,2.203129462,61,,
1.714700634,-0.116949968,0.474198223,2.199183724,62,,
1.746396004,-0.119730894,0.491431169,2.192493435,63,,
1.776516353,-0.123133594,0.509038816,2.184486531,64,,
1.805047935,-0.127203628,0.527220941,2.176009471,65,,
1.831116132,-0.131831391,0.545536035,2.168098499,66,,
1.854964411,-0.1369239,0.56376372,2.159878173,67,,
1.877216338,-0.142491071,0.582053058,2.150346609,68,,
1.897720927,-0.148500491,0.600379929,2.139984762,69,,
1.916414049,-0.154897189,0.618669733,2.129005301,70,,
1.933248374,-0.161578265,0.63673683,2.117427119,71,,
1.948314652,-0.168494099,0.654560159,2.105311039,72,,
1.961766253,-0.175607162,0.672144539,2.092545757,73,,
1.973636726,-0.18290068,0.689538658,2.079414863,74,,
1.984033852,-0.190334763,0.706729134,2.065881321,75,,
1.993037175,-0.197884097,0.723731829,2.052003011,76,,
2.000681764,-0.20555536,0.740628836,2.038005477,77,,
2.007049494,-0.213307418,0.757391128,2.023890582,78,,
2.012162036,-0.22110079,0.773992315,2.009869296,79,,
2.016025343,-0.22885891,0.790327849,1.996270535,80,,
2.01875741,-0.236547623,0.806380814,1.983135721,81,,
2.02047628,-0.24415623,0.822176542,1.970467052,82,,
2.02128902,-0.251670279,0.837725901,1.95826698,83,,
2.021295746,-0.259077659,0.853038772,1.946527285,84,,
2.020303714,-0.266552486,0.868510874,1.935818004,85,,
2.01837106,-0.274111904,0.884217033,1.926211667,86,,
2.015707202,-0.281693107,0.900061841,1.917464956,87,,
2.012456061,-0.289349021,0.916185302,1.909213601,88,,
2.00868236,-0.297091059,0.932639225,1.901358541,89,,
1.570796327,-0.1,0.305555556,1.570796327,0,,
1.578233914,-0.100059103,0.320871624,1.545995704,1,,
1.583537533,-0.100213072,0.335952961,1.523096986,2,,
1.586449371,-0.100427671,0.350968538,1.503621332,3,,
1.58730867,-0.100667092,0.365789737,1.487528352,4,,
1.586436577,-0.100901402,0.380320073,1.474789024,5,,
1.584111124,-0.101107624,0.39453578,1.46537423,6,,
1.580650218,-0.101268567,0.408414951,1.459040454,7,,
1.5763522,-0.101372786,0.42194596,1.455474385,8,,
1.571529696,-0.101414348,0.435216535,1.454063464,9,,
1.566322879,-0.101389117,0.448562542,1.454303893,10,,
1.560820103,-0.101291331,0.462044974,1.456139098,11,,
1.555080519,-0.101112901,0.475896084,1.459423928,12,,
1.549161675,-0.100875132,0.488596456,1.465757401,13,,
1.543023975,-0.100602227,0.499618628,1.475829628,14,,
1.536790815,-0.100374384,0.506981734,1.49031786,15,,
1.530226063,-0.100265691,0.509893001,1.509016233,16,,
1.522904903,-0.100404657,0.50675051,1.531184232,17,,
1.514540706,-0.100849604,0.4982003,1.554223957,18,,
1.504508648,-0.101638742,0.485310879,1.577047055,19,,
1.49254695,-0.102791776,0.469349183,1.598547294,20,,
1.47826813,-0.104335726,0.45127266,1.618786284,21,,
1.462242382,-0.106321464,0.431551224,1.635355091,22,,
1.444933605,-0.108756622,0.410837845,1.647462657,23,,
1.426133924,-0.111565979,0.390167127,1.657656049,24,,
1.405762837,-0.114772782,0.369598974,1.666268222,25,,
1.383832794,-0.118406137,0.349146575,1.673225399,26,,
1.360102445,-0.122477206,0.32892184,1.679362189,27,,
1.334294177,-0.126988197,0.309065621,1.685522978,28,,
1.306144217,-0.131988392,0.289511921,1.691668473,29,,
1.275654877,-0.137406906,0.270643502,1.698594795,30,,
1.243545738,-0.142965945,0.253344644,1.707668023,31,,
1.210641806,-0.148371609,0.238227945,1.719870474,32,,
1.177886266,-0.153301079,0.225750552,1.736235948,33,,
1.14562001,-0.157646872,0.215717675,1.756631783,34,,
1.117920516,-0.160649922,0.209318564,1.781377015,35,,
1.098396457,-0.161925257,0.206760208,1.808548287,36,,
1.090351895,-0.161413229,0.20775223,1.834001929,37,,
1.091815162,-0.159549584,0.21133424,1.858482182,38,,
1.099986254,-0.156882557,0.216521228,1.8817354,39,,
1.111355321,-0.153931069,0.222402077,1.904284072,40,,
1.124539353,-0.150881682,0.228668768,1.926528293,41,,
1.139663275,-0.14773994,0.235364572,1.948428333,42,,
1.156849317,-0.144515533,0.242535676,1.969912645,43,,
1.176055155,-0.14123656,0.250198069,1.990946946,44,,
1.197207679,-0.137934173,0.258367289,2.011504475,45,,
1.220438092,-0.134616913,0.267128204,2.031618753,46,,
1.24609583,-0.131283353,0.276627436,2.051230383,47,,
1.27392383,-0.128009508,0.286821665,2.069951031,48,,
1.302811348,-0.124927302,0.297445371,2.087585637,49,,
1.332652065,-0.122064585,0.308518166,2.104100779,50,,
1.363507594,-0.119446658,0.320082173,2.11921967,51,,
1.396230965,-0.117037305,0.332554691,2.133403698,52,,
1.431162375,-0.114877453,0.346201181,2.146821912,53,,
1.468286096,-0.113058392,0.361172136,2.159417311,54,,
1.507396045,-0.111698389,0.377566488,2.171084655,55,,
1.547416063,-0.110938887,0.395144762,2.181754467,56,,
1.587570822,-0.110882409,0.413533409,2.19019446,57,,
1.626510353,-0.11155354,0.431915756,2.194400111,58,,
1.663188307,-0.112896638,0.44995902,2.195111561,59,,
1.697332028,-0.114822748,0.467445562,2.192261603,60,,
1.729228224,-0.117276675,0.484522472,2.18622501,61,,
1.759411172,-0.120309883,0.501803085,2.178623039,62,,
1.788270008,-0.124008967,0.519749132,2.170327346,63,,
1.815370129,-0.128346824,0.538172192,2.161743555,64,,
1.839458203,-0.133105102,0.556291672,2.154160219,65,,
1.862004997,-0.13833913,0.574485201,2.145248397,66,,
1.882890357,-0.144016796,0.59272113,2.135341793,67,,
1.901999014,-0.150092644,0.61094442,2.12481528,68,,
1.919311042,-0.156488947,0.62902529,2.113692625,69,,
1.934859771,-0.163133594,0.646870651,2.102013392,70,,
1.948735619,-0.16998143,0.664466174,2.089838874,71,,
1.961088953,-0.177016969,0.681865751,2.077123198,72,,
1.971965015,-0.184209004,0.699074863,2.064018533,73,,
1.981458777,-0.19152448,0.716090477,2.050510713,74,,
1.989608889,-0.198954808,0.732961812,2.036788273,75,,
1.996484015,-0.206478963,0.749704371,2.022911042,76,,
2.002136081,-0.214064382,0.76630468,2.008974349,77,,
2.006564398,-0.22166276,0.782714421,1.99526985,78,,
2.009816294,-0.229207137,0.798845204,1.982021052,79,,
2.012009583,-0.236676053,0.814702366,1.969250256,80,,
2.013259396,-0.244059598,0.830308847,1.956945111,81,,
2.013668832,-0.251344596,0.845674326,1.945097846,82,,
2.013127147,-0.258654747,0.86109583,1.934129093,83,,
2.011607608,-0.266057839,0.876755454,1.924276335,84,,
2.009290204,-0.273504558,0.892586218,1.915360498,85,,
2.006360172,-0.280995008,0.908619261,1.907031511,86,,
2.002888319,-0.288581983,0.924995574,1.899090237,87,,
1.99893035,-0.296237314,0.941681851,1.891545595,88,,
1.994539219,-0.303944168,0.958667339,1.884391161,89,,
1.989767064,-0.311686717,0.975941577,1.877620321,90,,
1.98469172,-0.319419946,0.99342533,1.871228241,91,,
1.979371569,-0.327106836,1.011051571,1.865250283,92,,
1.973921269,-0.334709388,1.028743945,1.859541265,93,,
1.968399979,-0.342209642,1.046465715,1.854035562,94,,
1.962829442,-0.349603424,1.064209501,1.848727599,95,,
1.957249991,-0.356905557,1.082012258,1.843481611,96,,
1.951675203,-0.364120206,1.09988499,1.838251067,97,,
1.570796327,-0.1,0.327777778,1.570796327,0,,
1.577032125,-0.100046489,0.342182614,1.550137512,1,,
1.58165173,-0.100171743,0.356673127,1.530630756,2,,
1.584238576,-0.100349229,0.371189243,1.514082695,3,,
1.585019896,-0.100548194,0.385513378,1.50068259,4,,
1.584294646,-0.100743582,0.399570631,1.490327412,5,,
1.582335066,-0.100916479,0.413357921,1.482860288,6,,
1.57939489,-0.10105245,0.426852668,1.47811165,7,,
1.575781137,-0.101141753,0.440009747,1.475671944,8,,
1.571688299,-0.101180397,0.453216453,1.47491255,9,,
1.567229035,-0.101162327,0.466529118,1.475719282,10,,
1.562348016,-0.101081179,0.479970904,1.478542092,11,,
1.557158147,-0.100945586,0.492206111,1.48450649,12,,
1.55164479,-0.100776395,0.50249673,1.494333077,13,,
1.546006635,-0.100636427,0.508855688,1.50820722,14,,
1.515681666,-0.101685242,0.486289446,1.589005652,18,,
1.504113066,-0.102638071,0.470624825,1.609584958,19,,
1.490359625,-0.103941767,0.452892233,1.628927037,20,,
1.47463734,-0.105655465,0.433493632,1.645551354,21,,
1.457577397,-0.107780434,0.413235016,1.658256708,22,,
1.438923734,-0.110290418,0.392825281,1.669011461,23,,
1.4187125,-0.113188961,0.372520861,1.678169417,24,,
1.396940912,-0.11650944,0.352303583,1.685629297,25,,
1.373448066,-0.120260253,0.332306352,1.692081052,26,,
1.347921819,-0.124439953,0.312687515,1.698568628,27,,
1.224026822,-0.144970486,0.241238334,1.732352458,31,,
1.190800312,-0.149862252,0.228363298,1.748269326,32,,
1.158468728,-0.154123272,0.218168046,1.768334914,33,,
1.130812939,-0.157057695,0.211700033,1.792907065,34,,
1.112019473,-0.158227346,0.2092737,1.819542575,35,,
1.104195151,-0.157722676,0.210285325,1.844617322,36,,
1.106007234,-0.155875014,0.213961571,1.86873999,37,,
1.11461611,-0.153234831,0.219283585,1.891547081,38,,
1.126398157,-0.150318316,0.225316394,1.913699577,39,,
1.140000949,-0.147308324,0.23174973,1.93554489,40,,
1.155509594,-0.144215567,0.238618768,1.957045987,41,,
1.173034565,-0.141051118,0.245969089,1.978135085,42,,
1.192537444,-0.137842654,0.25381882,1.998778376,43,,
1.21400769,-0.134614331,0.262203823,2.018967408,44,,
1.237803531,-0.131354511,0.271278276,2.038750097,45,,
1.264529527,-0.128059852,0.281233767,2.057732341,46,,
1.292829808,-0.124899718,0.291744272,2.075664413,47,,
1.322164612,-0.121944704,0.302709503,2.092476794,48,,
1.352464204,-0.119226031,0.314145104,2.107996148,49,,
1.384163672,-0.116737622,0.326272053,2.122300388,50,,
1.418033566,-0.114469189,0.339520461,2.135872673,51,,
1.454072425,-0.112503686,0.354035027,2.148655853,52,,
1.492193298,-0.110946803,0.369954468,2.160583961,53,,
1.531642765,-0.109935739,0.387165519,2.171552719,54,,
1.571509669,-0.109590372,0.405341794,2.180817842,55,,
1.610342406,-0.109962708,0.423619599,2.186262917,56,,
1.647348617,-0.111017522,0.441693984,2.187975,57,,
1.681892625,-0.112673528,0.459247086,2.186109315,58,,
1.714133578,-0.114864118,0.476341465,2.180958892,59,,
1.744491753,-0.117599744,0.493429132,2.173813775,60,,
1.773607138,-0.120981552,0.511158387,2.165764364,61,,
1.80109078,-0.12500239,0.529415327,2.157314135,62,,
1.825562303,-0.129474615,0.547477606,2.150212445,63,,
1.848457216,-0.134421182,0.565604592,2.141899206,64,,
1.869774059,-0.139816264,0.58378332,2.132420073,65,,
1.889339896,-0.145617827,0.601961411,2.12228498,66,,
1.907170563,-0.151776263,0.62008135,2.11155156,67,,
1.923228369,-0.158196814,0.637972258,2.100252887,68,,
1.937606075,-0.164834696,0.655619871,2.088441764,69,,
1.950440445,-0.171661414,0.673046626,2.076070401,70,,
1.961787983,-0.17865718,0.690288528,2.063311314,71,,
1.971746773,-0.185790579,0.707346106,2.050143725,72,,
1.980377738,-0.193029166,0.724213345,2.036637041,73,,
1.987721492,-0.200374705,0.740959757,2.022973207,74,,
1.993853981,-0.207793036,0.757567305,2.009160581,75,,
1.998778723,-0.215246928,0.774010079,1.995450818,76,,
2.002524451,-0.222684829,0.790230595,1.982077971,77,,
2.005167946,-0.230052704,0.806164247,1.969184878,78,,
2.006829291,-0.237343473,0.821842814,1.956756047,79,,
2.007614893,-0.244543053,0.837276165,1.944783954,80,,
2.007511902,-0.251712846,0.85263229,1.933496276,81,,
2.006390179,-0.25898436,0.868231575,1.923341471,82,,
2.004390797,-0.266326413,0.88404695,1.914229054,83,,
2.001750408,-0.273680579,0.899985382,1.905800174,84,,
1.998549432,-0.281140249,0.916277561,1.897753521,85,,
1.994843661,-0.288673474,0.932881819,1.890103553,86,,
1.990685848,-0.296263223,0.949787191,1.882843958,87,,
1.986128134,-0.303893432,0.966983023,1.875968249,88,,
1.981237631,-0.311530172,0.984415415,1.869473136,89,,
1.976083731,-0.319125148,1.001992296,1.863392764,90,,
1.970750819,-0.326652706,1.019667236,1.857646312,91,,
1.965336678,-0.334080682,1.037371727,1.852103038,92,,
1.959863651,-0.341404697,1.055098368,1.846757427,93,,
1.954360959,-0.348628826,1.072858846,1.841548337,94,,
1.948861121,-0.355766704,1.090687682,1.836353337,95,,
1.94336719,-0.362816114,1.10857996,1.83117059,96,,
1.937882861,-0.369774062,1.12652835,1.825998116,97,,
1.932412782,-0.376638725,1.144528017,1.820825998,98,,
1.926957285,-0.383409326,1.162576558,1.815652615,99,,
1.921516524,-0.390085151,1.180671616,1.810476437,100,,
1.570796327,-0.1,0.35,1.570796327,0,,
1.575761132,-0.100034389,0.363418652,1.554462857,1,,
1.579415645,-0.100127375,0.376966908,1.53933755,2,,
1.581603563,-0.100262166,0.390759793,1.52618971,3,,
1.582404044,-0.100417806,0.404591064,1.515319759,4,,
1.581935396,-0.100572877,0.418189872,1.507074178,5,,
1.580406544,-0.100711369,0.43151873,1.501400289,6,,
1.578064169,-0.100821232,0.444531309,1.498070268,7,,
1.57509194,-0.100895669,0.457419082,1.49676849,8,,
1.571590751,-0.100928398,0.47035484,1.497387748,9,,
1.567628537,-0.100913394,0.482741372,1.500502124,10,,
1.563221762,-0.100853935,0.493742594,1.506915628,11,,
1.558546186,-0.100772131,0.501966481,1.516902153,12,,
1.553614415,-0.100705381,0.50649419,1.530218566,13,,
1.548163905,-0.100703523,0.50658669,1.546557579,14,,
1.130705221,-0.148908602,0.219062801,1.90465425,37,,
1.142798738,-0.14607253,0.225180922,1.926191536,38,,
1.156708794,-0.143147539,0.231712149,1.947420573,39,,
1.172471748,-0.140150134,0.238680497,1.968307737,40,,
1.190189292,-0.137092121,0.246131051,1.988788757,41,,
1.209823618,-0.134000697,0.25408278,2.008831468,42,,
1.231622703,-0.130871242,0.262654232,2.028499919,43,,
1.256129513,-0.127695062,0.2720218,2.047520165,44,,
1.283670119,-0.124494197,0.282338195,2.065648274,45,,
1.312312202,-0.121484645,0.293097425,2.08259009,46,,
1.342008592,-0.118688925,0.304347893,2.098357411,47,,
1.372724546,-0.116140673,0.316110524,2.112689428,48,,
1.405412503,-0.113796847,0.328873478,2.126204497,49,,
1.440238489,-0.11171689,0.342840101,2.138962959,50,,
1.47717053,-0.109994982,0.358159658,2.150912625,51,,
1.515873055,-0.108754203,0.374877323,2.161929259,52,,
1.55523775,-0.108130528,0.392674143,2.171659734,53,,
1.593936178,-0.108203557,0.410856284,2.178595792,54,,
1.631366774,-0.108966839,0.428977082,2.181324005,55,,
1.666525395,-0.110357909,0.446686227,2.180493456,56,,
1.699333397,-0.112302502,0.463918816,2.176327018,57,,
1.730141692,-0.114783408,0.481007441,2.169810328,58,,
1.759512878,-0.117868361,0.498531127,2.16209762,59,,
1.78746661,-0.121600176,0.516668738,2.153770556,60,,
1.812970073,-0.125865099,0.534914668,2.146054726,61,,
1.836181367,-0.130566092,0.553025561,2.138305475,62,,
1.857875786,-0.135720802,0.571196787,2.129273077,63,,
1.877855592,-0.141289718,0.589377026,2.119506607,64,,
1.896121098,-0.147232455,0.607531072,2.109142734,65,,
1.91263997,-0.153462902,0.625501366,2.09819195,66,,
1.927469619,-0.159923896,0.64323414,2.086711563,67,,
1.940721693,-0.166576332,0.660725293,2.074693766,68,,
1.95249981,-0.173408003,0.678033034,2.062213006,69,,
1.962873529,-0.180391203,0.695166875,2.049338477,70,,
1.971917667,-0.187487584,0.712106297,2.036080619,71,,
1.979672271,-0.194686417,0.728893543,2.02260648,72,,
1.986205043,-0.201967828,0.745544254,2.008968573,73,,
1.991565704,-0.209301075,0.76204579,1.995259183,74,,
1.995744502,-0.216641573,0.778353957,1.981789523,75,,
1.998787327,-0.223930208,0.794392322,1.968776947,76,,
2.000811085,-0.231145084,0.810162553,1.956231322,77,,
2.001926012,-0.238275332,0.825683686,1.944141796,78,,
2.002228061,-0.245310582,0.840969744,1.93250751,79,,
2.001470544,-0.252455815,0.856504478,1.922024496,80,,
1.999784884,-0.259684181,0.872271034,1.912625716,81,,
1.997376856,-0.266934666,0.888171971,1.904067239,82,,
1.994391768,-0.274283584,0.904404782,1.895916007,83,,
1.990885662,-0.2817101,0.920951909,1.888161959,84,,
1.986911194,-0.289196988,0.937802164,1.880798876,85,,
1.982520578,-0.296727979,0.95494473,1.873820305,86,,
1.977767623,-0.304285168,0.97236292,1.867219024,87,,
1.972734765,-0.311805044,0.989930192,1.861031819,88,,
1.967473244,-0.319274415,1.007630936,1.8552515,89,,
1.962115395,-0.326648832,1.025369096,1.849691661,90,,
1.956694175,-0.3339201,1.043128636,1.844329157,91,,
1.95123022,-0.341084444,1.060902351,1.839158538,92,,
1.945764038,-0.348157285,1.078729433,1.834038719,93,,
1.940307931,-0.35514122,1.096616783,1.828929369,94,,
1.570796327,-0.077777778,0.15,1.570796327,0,,
1.563644588,-0.077728251,0.163410766,1.594322218,1,,
1.558984937,-0.077599978,0.176809379,1.614043127,2,,
1.55665984,-0.07742839,0.189968405,1.629417501,3,,
1.556518891,-0.077247515,0.202665969,1.63973733,4,,
1.558682236,-0.077077692,0.215527062,1.644103951,5,,
1.563305089,-0.076947419,0.228854749,1.641145811,6,,
1.570359196,-0.076892571,0.242954275,1.629685217,7,,
1.579281623,-0.076955577,0.258137819,1.609739584,8,,
1.588305892,-0.077160955,0.273755649,1.584745443,9,,
1.597124503,-0.07750952,0.289529333,1.554635489,10,,
1.604411974,-0.077996271,0.305668346,1.522770188,11,,
1.608528927,-0.078584432,0.322079796,1.494404456,12,,
1.609691521,-0.079219055,0.338584911,1.47002106,13,,
1.608403846,-0.079835915,0.354668121,1.449922461,14,,
1.605044025,-0.080399365,0.370320702,1.434181336,15,,
1.600015754,-0.080882437,0.385525118,1.422683635,16,,
1.593810526,-0.08126821,0.400288919,1.414831047,17,,
1.586798578,-0.081547595,0.414615581,1.410194116,18,,
1.579293941,-0.081717294,0.428493471,1.408377086,19,,
1.571456373,-0.081780742,0.442445298,1.408375428,20,,
1.563416416,-0.081733027,0.456482768,1.410083592,21,,
1.55536804,-0.081571653,0.47057698,1.41322363,22,,
1.531356942,-0.080464351,0.511307031,1.435269295,25,,
1.523552339,-0.08002264,0.521476267,1.449981518,26,,
1.51580927,-0.079753416,0.526733649,1.470032685,27,,
1.507832813,-0.079794636,0.526034577,1.494160687,28,,
1.499070099,-0.080265635,0.519043269,1.520193647,29,,
1.488710949,-0.081199361,0.506905149,1.546463652,30,,
1.476658542,-0.082566016,0.491405534,1.570741503,31,,
1.462179245,-0.08441593,0.473184229,1.593356009,32,,
1.446066922,-0.086731308,0.453394786,1.61173704,33,,
1.428828512,-0.089500145,0.432724579,1.625109332,34,,
1.41023607,-0.09270303,0.411686601,1.635200353,35,,
1.390009444,-0.096318556,0.390685779,1.643675771,36,,
1.368148749,-0.100380303,0.369739049,1.650455853,37,,
1.344464679,-0.104901584,0.348964743,1.656209411,38,,
1.318676933,-0.109876056,0.328550359,1.661912593,39,,
1.290664375,-0.115313895,0.308583888,1.667677957,40,,
1.260412351,-0.121158674,0.289349986,1.674059668,41,,
1.228485416,-0.127167068,0.271581849,1.682197435,42,,
1.19579877,-0.132994371,0.256023962,1.693337907,43,,
1.162926839,-0.138404995,0.242904279,1.708192606,44,,
1.130250982,-0.143247536,0.232173718,1.727060312,45,,
1.570796327,-0.077777778,0.172222222,1.570796327,0,,
1.567481541,-0.077753419,0.186433693,1.581763352,1,,
1.566774915,-0.077701196,0.200591242,1.586277246,2,,
1.568489154,-0.077656701,0.214730572,1.58357823,3,,
1.572307442,-0.077651768,0.229197781,1.573277045,4,,
1.578064161,-0.077719047,0.244169217,1.554284674,5,,
1.585204018,-0.077891689,0.259872583,1.526373229,6,,
1.591385527,-0.078174448,0.27587719,1.495484635,7,,
1.595103027,-0.078544732,0.292258742,1.465979794,8,,
1.595798137,-0.078952933,0.308732463,1.440543154,9,,
1.594015655,-0.079340763,0.324757697,1.419492081,10,,
1.590158189,-0.079672966,0.340318018,1.402863828,11,,
1.584628012,-0.079923768,0.355401998,1.390556778,12,,
1.577867477,-0.080076329,0.369989449,1.382205466,13,,
1.570302943,-0.080122695,0.384130733,1.377154202,14,,
1.562221901,-0.080060301,0.397820972,1.375089091,15,,
1.553804347,-0.07988662,0.411371328,1.37528764,16,,
1.545229595,-0.079596779,0.424963829,1.377191726,17,,
1.536619303,-0.079187878,0.438626537,1.380642957,18,,
1.528144447,-0.078659204,0.452363538,1.385329994,19,,
1.51979469,-0.07800985,0.46620356,1.391428296,20,,
1.51156584,-0.077277751,0.479457461,1.400063899,21,,
1.503605046,-0.07656542,0.490699718,1.412435485,22,,
1.495869087,-0.075968118,0.499084048,1.428938421,23,,
1.488058347,-0.07570283,0.50244052,1.450583621,24,,
1.479596117,-0.075972994,0.499340141,1.47659707,25,,
1.469964694,-0.076875631,0.489957705,1.504034349,26,,
1.458757364,-0.078333647,0.476291201,1.530371597,27,,
1.445433802,-0.080347824,0.459375315,1.554815393,28,,
1.430016261,-0.082897982,0.440294523,1.576198869,29,,
1.413597173,-0.085926537,0.420091356,1.591853395,30,,
1.396098127,-0.089410807,0.399265571,1.603003419,31,,
1.377014668,-0.093323912,0.37824637,1.612038838,32,,
1.356253891,-0.097691581,0.357131952,1.619295046,33,,
1.333863437,-0.102518482,0.33609585,1.624910108,34,,
1.309440556,-0.107780536,0.315396949,1.630467438,35,,
1.282862704,-0.11348882,0.295121204,1.636079673,36,,
1.254469324,-0.119438531,0.276015961,1.642987374,37,,
1.224449203,-0.125521841,0.258318734,1.651489624,38,,
1.193228287,-0.131546438,0.242395141,1.662197704,39,,
1.160970088,-0.137319115,0.228487143,1.676360173,40,,
1.128282425,-0.142601984,0.216841814,1.694614236,41,,
1.096575859,-0.147114846,0.207689122,1.716469936,42,,
1.068991655,-0.150236687,0.201804578,1.742391886,43,,
1.047411944,-0.151844975,0.198945276,1.7708831,44,,
1.037377535,-0.151482958,0.199565215,1.797925369,45,,
1.036550927,-0.149753828,0.20249044,1.823446263,46,,
1.042760468,-0.147080883,0.207040202,1.848128949,47,,
1.052486794,-0.144041738,0.212308975,1.87222756,48,,
1.063315978,-0.140967564,0.217767342,1.896290891,49,,
1.570796327,-0.077777778,0.194444444,1.570796327,0,,
1.571152435,-0.077780395,0.208660827,1.569618076,1,,
1.573698963,-0.07780455,0.223086236,1.560941324,2,,
1.578223477,-0.077882431,0.237907693,1.543866828,3,,
1.584196376,-0.078046587,0.253463359,1.518141467,4,,
1.589787706,-0.078309315,0.269523837,1.487929815,5,,
1.593251677,-0.078651684,0.285922216,1.45820154,6,,
1.593680199,-0.07902752,0.302411356,1.432576031,7,,
1.59163582,-0.079379318,0.318438177,1.411377442,8,,
1.587519334,-0.079672315,0.333991396,1.394650272,9,,
1.581742464,-0.079881186,0.34905777,1.382275196,10,,
1.574742428,-0.079989647,0.363612605,1.373917593,11,,
1.566957064,-0.079990244,0.377711717,1.368877185,12,,
1.558661255,-0.079880854,0.39136528,1.366846591,13,,
1.550035803,-0.079658673,0.404843802,1.367167906,14,,
1.541270247,-0.079318246,0.418357831,1.369191372,15,,
1.532474233,-0.078856181,0.431953707,1.372758721,16,,
1.523826816,-0.078272344,0.445618799,1.377561201,17,,
1.515369826,-0.077566376,0.459380272,1.383600827,18,,
1.507003246,-0.076764934,0.472794566,1.391977973,19,,
1.498943734,-0.075987581,0.484227206,1.404024299,20,,
1.491105591,-0.075312597,0.493110834,1.420079818,21,,
1.483308655,-0.074976408,0.497121302,1.441159078,22,,
1.474912314,-0.075185959,0.494840974,1.466916012,23,,
1.465382273,-0.076070292,0.48607554,1.494580259,24,,
1.454299558,-0.077551224,0.472765182,1.521366864,25,,
1.441195072,-0.079601465,0.456162016,1.546191519,26,,
1.425893968,-0.082204219,0.437288744,1.56827839,27,,
1.409611424,-0.085292853,0.417239376,1.584504655,28,,
1.392276827,-0.088849645,0.39647834,1.595980688,29,,
1.373418874,-0.092835141,0.37550304,1.60513892,30,,
1.352883223,-0.097279253,0.354390205,1.612464272,31,,
1.330729381,-0.102177618,0.333356843,1.618159026,32,,
1.306565578,-0.107508335,0.312648764,1.623739992,33,,
1.280241453,-0.113288905,0.292330623,1.629333078,34,,
1.252195443,-0.119269437,0.273290867,1.636378045,35,,
1.222522731,-0.125376417,0.255645575,1.645006233,36,,
1.191552997,-0.131452871,0.239672006,1.655667212,37,,
1.159418395,-0.137299974,0.225648671,1.669753969,38,,
1.126769186,-0.142665125,0.213869974,1.687933779,39,,
1.095021384,-0.147264484,0.204577808,1.709701726,40,,
1.066586151,-0.150611616,0.198298519,1.735452315,41,,
1.044409808,-0.152352378,0.195223168,1.763980541,42,,
1.032905273,-0.152209086,0.195466278,1.791392806,43,,
1.030808774,-0.150636849,0.198095339,1.81727775,44,,
1.036080098,-0.148069087,0.20240456,1.842071441,45,,
1.045347035,-0.145062934,0.207533915,1.866174409,46,,
1.055756722,-0.14201193,0.212859224,1.890239033,47,,
1.067700505,-0.138889686,0.218452921,1.914056358,48,,
1.081701137,-0.135658025,0.224423382,1.937421068,49,,
1.09784081,-0.1323283,0.230802901,1.96029183,50,,
1.116182112,-0.128905681,0.237645562,1.982790381,51,,
1.136672412,-0.125416134,0.244974446,2.004941663,52,,
1.570796327,-0.077777778,0.216666667,1.570796327,0,,
1.574605699,-0.077806498,0.231233541,1.558161042,1,,
1.580282666,-0.077908351,0.246292941,1.53659269,2,,
1.586721453,-0.07811375,0.262256899,1.507479266,3,,
1.591864372,-0.078415199,0.27840928,1.47639258,4,,
1.593997012,-0.078784191,0.294973374,1.448464889,5,,
1.593354445,-0.079158475,0.311255639,1.424886654,6,,
1.590451024,-0.079493102,0.327053865,1.405686338,7,,
1.585632463,-0.079758251,0.342389475,1.390950767,8,,
1.579342121,-0.079932003,0.357228461,1.380439046,9,,
1.572034895,-0.080002214,0.371585529,1.373593111,10,,
1.564064624,-0.079963791,0.385488422,1.369932264,11,,
1.555695592,-0.079816373,0.398956341,1.369104912,12,,
1.547065062,-0.0795535,0.412467422,1.370148421,13,,
1.538345429,-0.079172436,0.426007668,1.372853197,14,,
1.529667914,-0.078669646,0.439649496,1.376934487,15,,
1.521167477,-0.078046239,0.453361494,1.382225358,16,,
1.512746516,-0.077302578,0.467145076,1.389215873,17,,
1.504588294,-0.076522456,0.479672153,1.399203953,18,,
1.496637337,-0.075783423,0.490174818,1.413022761,19,,
1.488947148,-0.075265845,0.496792043,1.431357331,20,,
1.480966412,-0.075146465,0.498178573,1.454696278,21,,
1.472164477,-0.075660054,0.49274052,1.481566204,22,,
1.461872401,-0.076838085,0.481415672,1.509215383,23,,
1.449973053,-0.078554009,0.46652228,1.534949247,24,,
1.435637357,-0.080854551,0.448617546,1.558990235,25,,
1.419887718,-0.083659844,0.429110734,1.578152482,26,,
1.403106019,-0.086943223,0.408649631,1.591989515,27,,
1.385121647,-0.090668402,0.387764166,1.602112992,28,,
1.365457094,-0.094833657,0.366711583,1.610444206,29,,
1.344143843,-0.099455136,0.345630895,1.617029646,30,,
1.321038658,-0.104525686,0.324731303,1.622617071,31,,
1.295843677,-0.110036924,0.304191923,1.628193896,32,,
1.268614971,-0.115913361,0.284380054,1.634323926,33,,
1.23972565,-0.121948964,0.265944374,1.642043955,34,,
1.209323469,-0.128061236,0.248990632,1.651429102,35,,
1.177719832,-0.134045074,0.233878029,1.663517702,36,,
1.145210699,-0.139684353,0.220869378,1.67944686,37,,
1.112918514,-0.144692863,0.210270445,1.699239559,38,,
1.082171834,-0.148799439,0.202245266,1.722779689,39,,
1.056634067,-0.151365738,0.197560549,1.749941627,40,,
1.03858083,-0.152317755,0.195909194,1.77826919,41,,
1.032375988,-0.151349326,0.197541941,1.804837129,42,,
1.034217284,-0.14923595,0.201087439,1.830078054,43,,
1.041562411,-0.146433772,0.205837949,1.854531867,44,,
1.051479968,-0.143394896,0.211092865,1.878622357,45,,
1.062571566,-0.140315948,0.216548535,1.902636481,46,,
1.075578359,-0.137134375,0.222348251,1.926244841,47,,
1.090714546,-0.133847241,0.228545697,1.94935588,48,,
1.108047446,-0.130463966,0.235182586,1.97200124,49,,
1.127562579,-0.126997969,0.242303108,1.994336036,50,,
1.149186921,-0.12348369,0.249917079,2.016283265,51,,
1.172834491,-0.119956139,0.258038227,2.037769962,52,,
1.198408235,-0.116451126,0.266683991,2.058728132,53,,
1.224775787,-0.11309222,0.275629988,2.079216186,54,,
1.251778854,-0.109902777,0.28486655,2.099286548,55,,
1.279649451,-0.106882247,0.294459487,2.118799389,56,,
1.308647085,-0.104037053,0.30448222,2.137510785,57,,
1.338719798,-0.10140351,0.314924458,2.155061393,58,,
1.369869506,-0.099005139,0.325832742,2.171362903,59,,
1.570796327,-0.077777778,0.238888889,1.570796327,0,,
1.578005069,-0.077834536,0.254070065,1.546781869,1,,
1.585220937,-0.078008888,0.269945992,1.517263515,2,,
1.591011356,-0.078290366,0.286040514,1.486027209,3,,
1.593577923,-0.078647935,0.302564155,1.458574961,4,,
1.593406597,-0.079016932,0.318746023,1.435441039,5,,
1.590992023,-0.079354536,0.334464393,1.416564182,6,,
1.586666999,-0.079630686,0.34973924,1.402044446,7,,
1.580857474,-0.07982285,0.364537379,1.391666346,8,,
1.574019982,-0.079918141,0.378883058,1.384833361,9,,
1.566487244,-0.07991038,0.392791733,1.381144442,10,,
1.558530553,-0.079798162,0.406287877,1.380219058,11,,
1.550307536,-0.079575699,0.419841042,1.381085549,12,,
1.541968154,-0.079239885,0.433433523,1.383603543,13,,
1.533644182,-0.078787498,0.447121342,1.387523437,14,,
1.525463355,-0.078217678,0.460912197,1.392646755,15,,
1.517240546,-0.077532766,0.474735935,1.39986148,16,,
1.509303395,-0.076832101,0.48688908,1.410403128,17,,
1.501500344,-0.076166886,0.497036635,1.42481226,18,,
1.493864451,-0.075758417,0.502609685,1.444147776,19,,
1.485830351,-0.07576996,0.502466753,1.468285708,20,,
1.47691968,-0.076378062,0.495678534,1.495005296,21,,
1.466417087,-0.077589157,0.483484237,1.521996499,22,,
1.454223565,-0.079308739,0.467958331,1.54693215,23,,
1.439447627,-0.081595458,0.449574649,1.570352141,24,,
1.423488397,-0.084363029,0.429811086,1.588342379,25,,
1.406464709,-0.087602997,0.4091618,1.601244391,26,,
1.388093107,-0.091272299,0.388205946,1.611080633,27,,
1.368025081,-0.095389197,0.367090594,1.619119815,28,,
1.34631949,-0.099957137,0.346015117,1.625490314,29,,
1.322765844,-0.104975259,0.325153752,1.631042626,30,,
1.297114721,-0.110433114,0.304690544,1.636630925,31,,
1.269363544,-0.11627357,0.284926484,1.642774488,32,,
1.239953984,-0.122277696,0.266556338,1.650519123,33,,
1.209067552,-0.128353556,0.249704103,1.659956359,34,,
1.177199955,-0.13423053,0.23487808,1.672431594,35,,
1.144533466,-0.139736109,0.222198572,1.688860229,36,,
1.112299824,-0.144579812,0.211965571,1.709118116,37,,
1.081949382,-0.148469955,0.204371276,1.733169866,38,,
1.057198689,-0.1507849,0.200143706,1.76082424,39,,
1.042147474,-0.151241465,0.199347865,1.788539553,40,,
1.038011955,-0.149989216,0.201481478,1.814590958,41,,
1.042099594,-0.147586108,0.205575695,1.839558828,42,,
1.050666281,-0.144667027,0.21062184,1.863786549,43,,
1.061067687,-0.141614258,0.2160165,1.887816301,44,,
1.072910411,-0.138499911,0.221665671,1.911634049,45,,
1.086751793,-0.135281406,0.227685388,1.935017395,46,,
1.102785898,-0.131955785,0.234135424,1.95793567,47,,
1.121003538,-0.128544897,0.241038681,1.980382321,48,,
1.141366116,-0.125066666,0.248434238,2.002488727,49,,
1.163796586,-0.121555721,0.256334125,2.02418249,50,,
1.188205493,-0.118047586,0.264753864,2.04539336,51,,
1.214250381,-0.114598829,0.273657568,2.066111064,52,,
1.240979703,-0.111314923,0.282848795,2.086342207,53,,
1.268426666,-0.108203634,0.292362876,2.1061158,54,,
1.296995014,-0.105258925,0.302301858,2.125158502,55,,
1.32664869,-0.102515048,0.312661543,2.143143489,56,,
1.35737363,-0.099998284,0.323473052,2.159917395,57,,
1.389762171,-0.097701114,0.334974431,2.175462069,58,,
1.424491459,-0.095633138,0.347505773,2.189988821,59,,
1.46163102,-0.093868507,0.361261527,2.203654771,60,,
1.501004397,-0.09251661,0.376360276,2.21647133,61,,
1.541492651,-0.091714239,0.392606449,2.228600763,62,,
1.583072651,-0.091569233,0.410095321,2.239824738,63,,
1.626143151,-0.092211335,0.428931607,2.248619593,64,,
1.667772855,-0.093652731,0.447750721,2.252945231,65,,
1.706795538,-0.095808129,0.466125813,2.253271819,66,,
1.743030158,-0.098579277,0.483932293,2.249839049,67,,
1.776608772,-0.10188183,0.501170812,2.242818102,68,,
1.808553504,-0.10586371,0.518807879,2.234310284,69,,
1.838716327,-0.110572678,0.537014839,2.225462179,70,,
1.866484271,-0.115920245,0.555470139,2.216947302,71,,
1.892157199,-0.121813753,0.573948409,2.207500588,72,,
1.915987496,-0.128240541,0.592499974,2.196781407,73,,
1.937857389,-0.135142525,0.611042729,2.185033134,74,,
1.570796327,-0.077777778,0.261111111,1.570796327,0,,
1.579072952,-0.077844671,0.276676314,1.54314918,1,,
1.586558619,-0.078039289,0.292634778,1.511875639,2,,
1.590931815,-0.078334399,0.308941063,1.483995579,3,,
1.592459978,-0.078672978,0.325051508,1.46019891,4,,
1.591606711,-0.079008201,0.340773075,1.440515632,5,,
1.588771971,-0.079305621,0.356064673,1.424921302,6,,
1.584295015,-0.07953997,0.370927201,1.413396953,7,,
1.57861955,-0.079694047,0.385366632,1.405450966,8,,
1.572098962,-0.079758011,0.399405714,1.400652869,9,,
1.565035455,-0.079727421,0.413008387,1.398678337,10,,
1.557619023,-0.079598499,0.426582038,1.398654987,11,,
1.549996036,-0.0793663,0.44021953,1.400289916,12,,
1.542280293,-0.079027401,0.453936858,1.403477129,13,,
1.534569441,-0.078578607,0.467775021,1.40810308,14,,
1.526749767,-0.078021205,0.481635089,1.414915107,15,,
1.51915519,-0.077437394,0.493812372,1.425054813,16,,
1.511630016,-0.07687384,0.50396199,1.439099113,17,,
1.504189168,-0.076533153,0.5093683,1.45817632,18,,
1.496315044,-0.076555873,0.509046062,1.481886509,19,,
1.48762336,-0.077084606,0.502346113,1.507774776,20,,
1.477379579,-0.078146163,0.490336791,1.533880263,21,,
1.46541126,-0.079681927,0.474911822,1.558154508,22,,
1.067115019,-0.148700465,0.205163833,1.769256846,38,,
1.05243237,-0.149120329,0.204414533,1.796598983,39,,
1.048858228,-0.147829203,0.206668613,1.822254086,40,,
1.053599517,-0.145377971,0.210953781,1.847016243,41,,
1.062718933,-0.142433032,0.216185825,1.871081558,42,,
1.073491725,-0.139382633,0.221733623,1.894985679,43,,
1.08590912,-0.136254593,0.227582269,1.918580101,44,,
1.10038254,-0.13302005,0.233830686,1.941757319,45,,
1.117082548,-0.129679931,0.240537154,1.964492682,46,,
1.135940641,-0.126265485,0.247709766,1.986752418,47,,
1.156892356,-0.122803401,0.255371958,2.00856607,48,,
1.179869142,-0.119322091,0.263551033,2.029953686,49,,
1.204803679,-0.115855094,0.272270667,2.050854031,50,,
1.231147383,-0.112475006,0.281450735,2.071336273,51,,
1.25817726,-0.109269988,0.290928141,2.091284478,52,,
1.28631094,-0.106225867,0.300821154,2.110528236,53,,
1.315543212,-0.103370537,0.311145645,2.128848793,54,,
1.570796327,-0.077777778,0.283333333,1.570796327,0,,
1.579229975,-0.077845807,0.298868663,1.542630811,1,,
1.585836873,-0.078035331,0.314801523,1.514193706,2,,
1.589493476,-0.078306741,0.330770023,1.489559204,3,,
1.590616799,-0.078610207,0.346447871,1.468847902,4,,
1.589624564,-0.078906991,0.361750562,1.451993454,5,,
1.58685217,-0.079167719,0.376661008,1.43900565,6,,
1.5826718,-0.079370931,0.391188851,1.42962564,7,,
1.577465919,-0.079502338,0.405353865,1.423391525,8,,
1.571537163,-0.079553221,0.419123557,1.42001357,9,,
1.565146184,-0.079519688,0.432673294,1.418876324,10,,
1.558434981,-0.079396214,0.446341011,1.419375409,11,,
1.551527195,-0.079177912,0.4601126,1.421436583,12,,
1.544367196,-0.07886126,0.473941597,1.425588366,13,,
1.537065156,-0.078443254,0.487809098,1.431859485,14,,
1.529918533,-0.07798581,0.500046685,1.44136017,15,,
1.522760045,-0.077541284,0.510025536,1.454975727,16,,
1.51562435,-0.077267355,0.515324589,1.473436848,17,,
1.508025654,-0.077284612,0.51503154,1.496304661,18,,
1.079712437,-0.145929585,0.210056485,1.778017149,37,,
1.064887422,-0.146399283,0.209193124,1.805004224,38,,
1.061349321,-0.145150905,0.211437012,1.830326954,39,,
1.06640563,-0.142708917,0.215834145,1.85485816,40,,
1.075888431,-0.139772564,0.221213205,1.878726837,41,,
1.08699595,-0.136739407,0.226908253,1.902427548,42,,
1.099924817,-0.133614081,0.232950304,1.92575168,43,,
1.114978149,-0.130377313,0.239428386,1.948696232,44,,
1.13222987,-0.127045407,0.246375401,1.971196753,45,,
1.151610485,-0.123649843,0.253801093,1.993220717,46,,
1.173040992,-0.120222412,0.26172003,2.014738202,47,,
1.196440826,-0.116793627,0.270156171,2.035749981,48,,
1.222095878,-0.113356091,0.279247221,2.056359938,49,,
1.248722246,-0.110062329,0.288697883,2.076429633,50,,
1.276384239,-0.106930403,0.298535938,2.095766312,51,,
1.305156955,-0.103974096,0.308817747,2.114317668,52,,
1.334977203,-0.101231052,0.3195306,2.13173372,53,,
1.365779628,-0.098731551,0.330690218,2.147840156,54,,
1.39862533,-0.096432295,0.342743393,2.163018887,55,,
1.433801423,-0.094379863,0.355925535,2.177412597,56,,
1.471317813,-0.092664065,0.370388524,2.190955922,57,,
1.510785483,-0.091406636,0.386159903,2.203525228,58,,
1.551269692,-0.090735937,0.403103084,2.215357197,59,,
1.59314957,-0.090766092,0.421368856,2.225452753,60,,
1.634369931,-0.091569294,0.43993934,2.231610397,61,,
1.673533603,-0.093100434,0.458250919,2.233720324,62,,
1.709977182,-0.095263565,0.476008291,2.23212882,63,,
1.743879007,-0.097981518,0.493246262,2.227039955,64,,
1.775763705,-0.101254726,0.510332635,2.219179835,65,,
1.806199252,-0.105229384,0.528070921,2.210698769,66,,
1.834866048,-0.109891856,0.546332671,2.201897156,67,,
1.860818675,-0.115076613,0.564551261,2.193663112,68,,
1.885092393,-0.120789576,0.58286611,2.184008259,69,,
1.907545833,-0.126995435,0.601240071,2.173310637,70,,
1.92808211,-0.133628902,0.61957122,2.161754579,71,,
1.946584554,-0.140588118,0.637689937,2.149572077,72,,
1.963153707,-0.147816604,0.655567279,2.136813145,73,,
1.977890778,-0.155263736,0.673187165,2.123546269,74,,
2.044466737,-0.235399863,0.838633724,1.980929368,84,,
2.044675055,-0.243266664,0.853974553,1.968239188,85,,
2.044091071,-0.251009443,0.869080776,1.956029974,86,,
2.042449238,-0.258846144,0.884412622,1.944976249,87,,
2.039877323,-0.266755889,0.899968508,1.935021848,88,,
1.570796327,-0.077777778,0.305555556,1.570796327,0,,
1.57826205,-0.077835538,0.320481455,1.545971305,1,,
1.583919565,-0.077993255,0.335615223,1.521860872,2,,
1.587326735,-0.078225539,0.351165749,1.500048609,3,,
1.58844695,-0.078487893,0.366441992,1.481908048,4,,
1.587653384,-0.078746343,0.38137041,1.46736796,5,,
1.585272195,-0.078975349,0.395954065,1.45632191,6,,
1.581645364,-0.079156247,0.410220418,1.448460063,7,,
1.577090924,-0.079275697,0.424152535,1.443470271,8,,
1.571905556,-0.079325829,0.437732456,1.440981594,9,,
1.566289281,-0.079302355,0.451399903,1.440177107,10,,
1.560291912,-0.079199586,0.465041475,1.441365844,11,,
1.553926793,-0.07901218,0.478695038,1.444806325,12,,
1.547279192,-0.078732585,0.492506147,1.450450345,13,,
1.540696365,-0.078405041,0.504696725,1.459272377,14,,
1.534022164,-0.078081177,0.514362922,1.472334425,15,,
1.52729358,-0.077874482,0.519504548,1.489950784,16,,
1.520112329,-0.077884473,0.519291763,1.511538507,17,,
1.51227854,-0.078221922,0.513110716,1.534617491,18,,
1.503078439,-0.078907568,0.50224409,1.558003737,19,,
1.491958547,-0.0799887,0.487487134,1.580680977,20,,
1.478641419,-0.081479237,0.470059506,1.601931797,21,,
1.463020872,-0.083428462,0.450586421,1.620942758,22,,
1.446104182,-0.08583248,0.429963008,1.635131298,23,,
1.427971167,-0.08863309,0.409121792,1.645945783,24,,
1.408231981,-0.091813715,0.388428773,1.655356689,25,,
1.386889904,-0.095415793,0.367821775,1.66312059,26,,
1.363882701,-0.099475711,0.347290236,1.669270843,27,,
1.338794827,-0.10399091,0.327027914,1.675246875,28,,
1.311497211,-0.108975762,0.307126746,1.681187681,29,,
1.28172469,-0.114446818,0.287657364,1.687458806,30,,
1.24997645,-0.120185006,0.269410492,1.695292288,31,,
1.217170592,-0.12585438,0.253226426,1.705992778,32,,
1.184108607,-0.13117175,0.239511941,1.720335582,33,,
1.151156526,-0.135968429,0.228257046,1.738826612,34,,
1.120080707,-0.139890751,0.219814049,1.761347297,35,,
1.094429523,-0.142335157,0.214921042,1.787945354,36,,
1.079296456,-0.14288209,0.213879947,1.814542121,37,,
1.075581417,-0.141706072,0.216066913,1.83962003,38,,
1.080856459,-0.139298296,0.220552829,1.863870251,39,,
1.09063426,-0.13639242,0.226065935,1.887491381,40,,
1.102206877,-0.133377136,0.231937753,1.910851103,41,,
1.115700143,-0.130259351,0.238201173,1.933881575,42,,
1.131289399,-0.127040552,0.244910408,1.956530318,43,,
1.149043177,-0.123737778,0.252099713,1.978734943,44,,
1.168891477,-0.120382729,0.259780419,2.000464275,45,,
1.190755174,-0.117007652,0.267968576,2.021689847,46,,
1.214780333,-0.113620228,0.276753818,2.04244826,47,,
1.240976916,-0.110252902,0.286186295,2.062647857,48,,
1.268142155,-0.107051566,0.295970987,2.082033177,49,,
1.296451452,-0.104014426,0.306206404,2.10067558,50,,
1.325799442,-0.101182404,0.316868901,2.118239123,51,,
1.356138578,-0.098581904,0.327987618,2.134629597,52,,
1.388119054,-0.096194945,0.339849548,2.150006854,53,,
1.422383489,-0.094032644,0.352800922,2.164634131,54,,
1.458951386,-0.092178064,0.366988089,2.178446911,55,,
1.497702474,-0.090739385,0.382531601,2.191355534,56,,
1.537688245,-0.0898536,0.399259324,2.20331682,57,,
1.578548241,-0.089631404,0.4170967,2.213756399,58,,
1.619386371,-0.090154931,0.435511922,2.22066797,59,,
1.658440288,-0.091403522,0.453743936,2.223467693,60,,
1.694884824,-0.093291325,0.471466374,2.222625504,61,,
1.728827669,-0.095739783,0.488677986,2.218311334,62,,
1.760591062,-0.098709911,0.505559524,2.210931077,63,,
1.791077547,-0.102360903,0.523094299,2.202614801,64,,
1.819846251,-0.106685637,0.541165351,2.193976007,65,,
1.845980615,-0.111553584,0.55929463,2.186107473,66,,
1.870373257,-0.116937662,0.577497431,2.177008898,67,,
1.893020648,-0.122812777,0.595769327,2.166793775,68,,
1.913864632,-0.129139492,0.614070657,2.155659935,69,,
1.932695291,-0.1358019,0.63217268,2.14389493,70,,
1.949608598,-0.142743206,0.650041264,2.131539581,71,,
1.964702292,-0.149913514,0.667659283,2.118661976,72,,
1.978100051,-0.157271011,0.685024996,2.105260337,73,,
1.989908604,-0.164800439,0.702191351,2.091426564,74,,
2.000210599,-0.172456628,0.719135347,2.077192063,75,,
2.009080396,-0.180216329,0.735879164,2.062654919,76,,
2.016530385,-0.188090501,0.752513215,2.048140354,77,,
2.022667353,-0.196036976,0.769009607,2.033609561,78,,
2.027574922,-0.204025803,0.785362641,2.019092614,79,,
2.03126226,-0.211999202,0.801508165,2.004876823,80,,
2.033795797,-0.219904037,0.817390612,1.99114368,81,,
2.035295331,-0.227716703,0.833009182,1.977906386,82,,
2.03587463,-0.235424656,0.848378771,1.965155018,83,,
2.035636221,-0.243015962,0.863509597,1.952880847,84,,
2.034356337,-0.250684034,0.878822784,1.941696241,85,,
2.032110189,-0.258436889,0.894374068,1.931643247,86,,
2.029162729,-0.26618661,0.910020967,1.922370504,87,,
2.025611372,-0.273916544,0.925756523,1.913835536,88,,
2.021525666,-0.281729184,0.941815277,1.905733696,89,,
2.016958713,-0.289626177,0.9582277,1.898009124,90,,
2.011968901,-0.29757614,0.974954481,1.890675493,91,,
2.006611027,-0.305558376,0.991975924,1.883732518,92,,
2.00096505,-0.313524619,1.009209446,1.877185327,93,,
1.995104094,-0.321434071,1.026581995,1.871038775,94,,
1.989161742,-0.329240626,1.044000477,1.865109334,95,,
1.983161741,-0.336939392,1.061457071,1.859391099,96,,
1.977139723,-0.344540294,1.078976272,1.853782796,97,,
1.570796327,-0.077777778,0.327777778,1.570796327,0,,
1.577073736,-0.077823282,0.341797058,1.550056715,1,,
1.581779774,-0.077947256,0.356001465,1.53036627,2,,
1.584695617,-0.078130357,0.370618777,1.512601144,3,,
1.585865131,-0.078344639,0.385343437,1.497275216,4,,
1.585427465,-0.078561806,0.399918618,1.484805218,5,,
1.58361005,-0.078758703,0.414234323,1.475293588,6,,
1.580653296,-0.078917973,0.428266736,1.468682519,7,,
1.576822649,-0.079026094,0.441881109,1.464892517,8,,
1.5723886,-0.079076904,0.455257764,1.463366971,9,,
1.567474876,-0.079065123,0.468569325,1.463904603,10,,
1.56214224,-0.078984941,0.481893176,1.466583061,11,,
1.556471277,-0.07883091,0.495252372,1.471488033,12,,
1.55059831,-0.078628666,0.5069354,1.479977357,13,,
1.544550576,-0.078419615,0.515917339,1.492587644,14,,
1.119620251,-0.129181199,0.235573824,1.921644048,40,,
1.133619072,-0.126105944,0.242035514,1.944226546,41,,
1.149670591,-0.122941464,0.248950649,1.966427792,42,,
1.167838539,-0.119705333,0.256354716,1.988187725,43,,
1.188053103,-0.116429225,0.26426047,2.009476784,44,,
1.210356657,-0.113131996,0.27272166,2.0303006,45,,
1.235292549,-0.109792039,0.281930024,2.050595108,46,,
1.261902807,-0.106540229,0.291671949,2.070167551,47,,
1.289711602,-0.103450881,0.301840755,2.088771639,48,,
1.318572678,-0.100553265,0.312450853,2.106438777,49,,
1.348456234,-0.09787546,0.323526893,2.123016392,50,,
1.379598585,-0.095429015,0.335194459,2.138430326,51,,
1.41297578,-0.093187595,0.347915937,2.153125884,52,,
1.448614605,-0.091228336,0.361832461,2.167039653,53,,
1.486497466,-0.089649304,0.377097194,2.180112537,54,,
1.52591437,-0.088585185,0.393597952,2.192096066,55,,
1.566042693,-0.088153744,0.411128472,2.202658021,56,,
1.606411484,-0.088439903,0.429388102,2.210217257,57,,
1.645326741,-0.089445824,0.447550952,2.213517067,58,,
1.681724608,-0.091095338,0.46524055,2.213224243,59,,
1.715659856,-0.09331023,0.482430797,2.209489331,60,,
1.747350311,-0.096033845,0.49920673,2.202542534,61,,
1.777848907,-0.0994149,0.516595343,2.194350716,62,,
1.806668831,-0.10345799,0.534532722,2.185844339,63,,
1.833239727,-0.108087388,0.552710544,2.17765115,64,,
1.857622746,-0.113197436,0.570833268,2.169006243,65,,
1.880322269,-0.118794235,0.589031204,2.159195753,66,,
1.901278256,-0.124845409,0.607279515,2.148441541,67,,
1.920275673,-0.13124655,0.625366259,2.137051404,68,,
1.937377909,-0.137932185,0.643225847,2.125062811,69,,
1.952679594,-0.144853321,0.660840505,2.112543157,70,,
1.966277649,-0.151964018,0.678197013,2.099552804,71,,
1.978317724,-0.159253276,0.695359278,2.086087721,72,,
1.988866522,-0.166676478,0.712302849,2.072211623,73,,
1.998026175,-0.174193143,0.729010198,2.057887483,74,,
2.005781088,-0.181831352,0.745611391,2.043546206,75,,
2.012224143,-0.18954893,0.762076585,2.029179469,76,,
2.017437521,-0.197316043,0.778399532,2.014817384,77,,
2.021464262,-0.205091387,0.7945474,2.000618806,78,,
2.024323464,-0.21281619,0.81045038,1.986878165,79,,
2.026131516,-0.220460545,0.826095091,1.973617273,80,,
2.027000308,-0.228007131,0.841487756,1.960837823,81,,
2.027033586,-0.2354434,0.856638393,1.948531403,82,,
2.026033891,-0.242946594,0.871944434,1.937272243,83,,
2.0240525,-0.250538286,0.88748996,1.927146654,84,,
2.02133755,-0.258138318,0.903145975,1.917835562,85,,
2.018005149,-0.265722148,0.918889869,1.909261622,86,,
2.014128892,-0.273382072,0.934939617,1.901139146,87,,
2.009762447,-0.281127764,0.951342811,1.89339188,88,,
1.570796327,-0.077777778,0.35,1.570796327,0,,
1.57585117,-0.077811957,0.363109054,1.554203136,1,,
1.579559583,-0.077904609,0.376383706,1.538941566,2,,
1.581818388,-0.078039161,0.389904308,1.525622384,3,,
1.582718763,-0.078195579,0.40348438,1.514475699,4,,
1.582423595,-0.078355013,0.416986854,1.505566334,5,,
1.581106389,-0.078501119,0.430282903,1.498941522,6,,
1.578912713,-0.078620912,0.44327435,1.49470364,7,,
1.576037997,-0.078705437,0.455935337,1.492703779,8,,
1.572617527,-0.078749856,0.468555678,1.492638525,9,,
1.568722155,-0.078748003,0.481148235,1.494599483,10,,
1.564437721,-0.078696835,0.493199502,1.499023835,11,,
1.559756734,-0.07860484,0.503729446,1.50681831,12,,
1.554820075,-0.078503232,0.511231398,1.518259908,13,,
1.138326815,-0.124164369,0.234834758,1.932906545,39,,
1.152351345,-0.121211513,0.241350908,1.954795805,40,,
1.168331205,-0.118181539,0.248313297,1.976322574,41,,
1.186362655,-0.11508813,0.255765416,1.997421274,42,,
1.206379032,-0.111962154,0.263720246,2.018063921,43,,
1.228937744,-0.108774746,0.272368104,2.03821032,44,,
1.254175324,-0.1055512,0.281803386,2.057783284,45,,
1.281103062,-0.102430624,0.291781031,2.076424444,46,,
1.309197702,-0.099481144,0.302210896,2.094110282,47,,
1.338305086,-0.096738142,0.313090206,2.110748967,48,,
1.368490656,-0.09422285,0.324481452,2.126220817,49,,
1.400562788,-0.0919108,0.336756469,2.140797458,50,,
1.434841891,-0.08984354,0.350164811,2.154632092,51,,
1.471325963,-0.088108796,0.364852601,2.16766599,52,,
1.509697312,-0.086823703,0.380860439,2.179750362,53,,
1.549088914,-0.086117364,0.39799368,2.190634584,54,,
1.589039633,-0.086090101,0.416083641,2.199470698,55,,
1.627856934,-0.086776156,0.434179227,2.204148328,56,,
1.664740505,-0.088126804,0.451975163,2.204783115,57,,
1.699135661,-0.090061981,0.46927707,2.202004949,58,,
1.731220201,-0.092515087,0.486121109,2.19594075,59,,
1.761862417,-0.095568231,0.503290697,2.188093494,60,,
1.791054511,-0.099286868,0.52109552,2.179728475,61,,
1.818506702,-0.103652493,0.539393296,2.171058671,62,,
1.843135399,-0.108468365,0.557480523,2.16302988,63,,
1.866152263,-0.113773217,0.575651955,2.153722999,64,,
1.887448648,-0.119533064,0.593871698,2.143442291,65,,
1.906878327,-0.125677433,0.612014463,2.132483621,66,,
1.924414888,-0.13211902,0.629938098,2.120909897,67,,
1.940150639,-0.138809118,0.647623739,2.10878816,68,,
1.954180292,-0.145701865,0.665057085,2.09617891,69,,
1.966641529,-0.152774112,0.682274335,2.083065006,70,,
1.977605074,-0.159995911,0.699286366,2.06954875,71,,
1.987170067,-0.167328046,0.716077372,2.05559969,72,,
1.995390588,-0.174761645,0.732696495,2.041365925,73,,
2.002276937,-0.182288299,0.749188641,2.027117825,74,,
2.007918015,-0.189874718,0.765540116,2.012862677,75,,
2.012386109,-0.1974906,0.781740409,1.99865529,76,,
2.015674552,-0.205074142,0.797711118,1.984838039,77,,
2.017882817,-0.21259683,0.813442301,1.971471626,78,,
2.019117919,-0.22002961,0.828917285,1.95858452,79,,
2.019486488,-0.227358913,0.844145816,1.946168777,80,,
2.018896873,-0.234695892,0.859394939,1.934601191,81,,
2.017286841,-0.242129114,0.874888059,1.924182859,82,,
2.014849828,-0.24960378,0.890549067,1.914713131,83,,
2.011769925,-0.257067205,0.906298397,1.905986686,84,,
2.008127002,-0.264589806,0.922311676,1.897764389,85,,
2.003979134,-0.272198075,0.938672788,1.889922137,86,,
1.999384656,-0.27985963,0.955338814,1.882475358,87,,
1.994396239,-0.287558222,0.972299239,1.875417362,88,,
1.989076142,-0.295257788,0.98949695,1.868772403,89,,
1.98350602,-0.30291022,1.006842175,1.86254637,90,,
1.977787013,-0.310483343,1.024273518,1.856625764,91,,
1.971998247,-0.317952085,1.041738961,1.850913318,92,,
1.966161951,-0.325312079,1.059230705,1.845403052,93,,
1.960319709,-0.33257477,1.07677713,1.839964452,94,,
1.570796327,-0.055555556,0.15,1.570796327,0,,
1.564367787,-0.055512961,0.162850525,1.591859759,1,,
1.560052448,-0.0554074,0.175037786,1.609492544,2,,
1.557634965,-0.055268437,0.186612355,1.623403407,3,,
1.55713121,-0.055111946,0.198249769,1.633159327,4,,
1.558806105,-0.054954611,0.210505264,1.63763118,5,,
1.562868916,-0.054826295,0.223419833,1.635228135,6,,
1.569203451,-0.054762515,0.23700095,1.624947929,7,,
1.577268843,-0.054799136,0.25137867,1.60689342,8,,
1.084493771,-0.127773721,0.228397417,1.742301585,47,,
1.059593028,-0.130087531,0.22414703,1.769634404,48,,
1.044954179,-0.130495614,0.223431383,1.796834301,49,,
1.042066746,-0.129085119,0.225853624,1.822512584,50,,
1.048694478,-0.126340829,0.23058665,1.847360344,51,,
1.059527264,-0.123116385,0.236261389,1.87192138,52,,
1.071629511,-0.11983658,0.242190852,1.896601726,53,,
1.084953308,-0.11653381,0.248345302,1.921217607,54,,
1.10041763,-0.113123841,0.254925153,1.945495768,55,,
1.118220795,-0.109613075,0.261984612,1.969304358,56,,
1.138286855,-0.106035578,0.269533599,1.992607846,57,,
1.160529473,-0.102425539,0.277587389,2.015373518,58,,
1.184868167,-0.098813266,0.28617695,2.037633698,59,,
